2026-06-20 04:13:55,1,0.34297946095466614,1.0,0.0,0.0
2026-06-20 04:14:00,2,0.5855273008346558,1.0,0.0,0.0
2026-06-20 04:14:04,3,0.5621551275253296,1.0,0.0,0.0
2026-06-20 04:14:09,4,0.06818181276321411,1.0,0.0,0.0
2026-06-20 04:14:14,5,0.005206827539950609,1.0,0.0,0.0
2026-06-20 04:14:18,6,0.24537605047225952,1.0,0.0,0.0
2026-06-20 04:14:23,7,0.20706990361213684,1.0,0.0,0.0
2026-06-20 04:14:28,8,0.010903049260377884,1.0,0.0,0.0
2026-06-20 04:14:32,9,0.0045384918339550495,1.0,0.0,0.0
2026-06-20 04:14:37,10,0.04975719749927521,1.0,0.0,0.0
2026-06-20 04:14:41,11,0.0939343124628067,1.0,0.0,0.0
2026-06-20 04:14:46,12,0.02017209865152836,1.0,0.0,0.0
2026-06-20 04:14:51,13,0.48496124148368835,1.0,0.0,0.0
2026-06-20 04:14:55,14,0.165827214717865,1.0,0.0,0.0
2026-06-20 04:15:00,15,0.00010236624075332657,1.0,0.0,0.0
2026-06-20 04:15:05,16,0.03524693846702576,1.0,0.0,0.0
2026-06-20 04:15:09,17,0.005307587794959545,1.0,0.0,0.0
2026-06-20 04:15:14,18,0.2478295862674713,1.0,0.0,0.0
2026-06-20 04:15:18,19,0.013935917057096958,1.0,0.0,0.0
2026-06-20 04:15:23,20,0.09584322571754456,1.0,0.0,0.0
2026-06-20 04:15:28,21,0.0005530891357921064,1.0,0.0,0.0
2026-06-20 04:15:32,22,0.1859494298696518,1.0,0.0,0.0
2026-06-20 04:15:37,23,0.026203852146863937,1.0,0.0,0.0
2026-06-20 04:15:42,24,0.05676165595650673,1.0,0.0,0.0
2026-06-20 04:15:46,25,0.45996779203414917,1.0,0.0,0.0
2026-06-20 04:15:51,26,0.16855232417583466,1.0,0.0,0.0
2026-06-20 04:15:56,27,0.007284120190888643,1.0,0.0,0.0
2026-06-20 04:16:00,28,0.35107162594795227,1.0,0.0,0.0
2026-06-20 04:16:05,29,0.2682109475135803,1.0,0.0,0.0
2026-06-20 04:16:10,30,0.020916996523737907,1.0,0.0,0.0
2026-06-20 04:16:14,31,0.9602329730987549,1.0,0.0,0.0
2026-06-20 04:16:19,32,0.2873949408531189,1.0,0.0,0.0
2026-06-20 04:16:24,33,0.04021447151899338,1.0,0.0,0.0
2026-06-20 04:16:30,34,0.020469684153795242,1.0,0.0,0.0
2026-06-20 04:16:34,35,0.0007539514335803688,1.0,0.0,0.0
2026-06-20 04:16:39,36,0.30654406547546387,1.0,0.0,0.0
2026-06-20 04:16:43,37,0.1251058280467987,1.0,0.0,0.0
2026-06-20 04:16:48,38,0.7513406872749329,1.0,0.0,0.0
2026-06-20 04:16:53,39,0.1592596024274826,1.0,0.0,0.0
2026-06-20 04:16:57,40,0.18743784725666046,1.0,0.0,0.0
2026-06-20 04:17:02,41,0.1524086445569992,1.0,0.0,0.0
2026-06-20 04:17:06,42,0.15817293524742126,1.0,0.0,0.0
2026-06-20 04:17:11,43,0.46772506833076477,1.0,0.0,0.0
2026-06-20 04:17:16,44,0.07831350713968277,1.0,0.0,0.0
2026-06-20 04:17:20,45,0.17576298117637634,1.0,0.0,0.0
2026-06-20 04:17:25,46,0.0024253225419670343,1.0,0.0,0.0
2026-06-20 04:17:30,47,0.1329849511384964,1.0,0.0,0.0
2026-06-20 04:17:34,48,0.11009103059768677,1.0,0.0,0.0
2026-06-20 04:17:39,49,0.06489329040050507,1.0,0.0,0.0
2026-06-20 04:17:44,50,0.06371354311704636,1.0,0.0,0.0
2026-06-20 04:17:48,51,0.13211573660373688,1.0,0.0,0.0
2026-06-20 04:17:53,52,0.22123309969902039,1.0,0.0,0.0
2026-06-20 04:17:57,53,0.4423747956752777,1.0,0.0,0.0
2026-06-20 04:18:02,54,0.037163421511650085,1.0,0.0,0.0
2026-06-20 04:18:07,55,0.17933876812458038,1.0,0.0,0.0
2026-06-20 04:18:11,56,0.03404509648680687,1.0,0.0,0.0
2026-06-20 04:18:16,57,0.14390423893928528,1.0,0.0,0.0
2026-06-20 04:18:21,58,0.14913319051265717,1.0,0.0,0.0
2026-06-20 04:18:25,59,0.0010130662703886628,1.0,0.0,0.0
2026-06-20 04:18:30,60,0.03731619194149971,1.0,0.0,0.0
2026-06-20 04:18:34,61,0.03720702975988388,1.0,0.0,0.0
2026-06-20 04:18:39,62,0.09928655624389648,1.0,0.0,0.0
2026-06-20 04:18:44,63,0.4607678949832916,1.0,0.0,0.0
2026-06-20 04:18:48,64,0.00012855656677857041,1.0,0.0,0.0
2026-06-20 04:18:53,65,0.024255752563476562,1.0,0.0,0.0
2026-06-20 04:18:57,66,2.3603513909620233e-05,1.0,0.0,0.0
2026-06-20 04:19:02,67,0.3908287286758423,1.0,0.0,0.0
2026-06-20 04:19:07,68,0.1208295002579689,1.0,0.0,0.0
2026-06-20 04:19:11,69,0.13619469106197357,1.0,0.0,0.0
2026-06-20 04:19:16,70,0.1326218843460083,1.0,0.0,0.0
2026-06-20 04:19:20,71,0.1821346879005432,1.0,0.0,0.0
2026-06-20 04:19:25,72,0.03918350860476494,1.0,0.0,0.0
2026-06-20 04:19:30,73,0.003212419105693698,1.0,0.0,0.0
2026-06-20 04:19:35,74,0.5844032168388367,1.0,0.0,0.0
2026-06-20 04:19:39,75,0.022243807092308998,1.0,0.0,0.0
2026-06-20 04:19:44,76,0.13219989836215973,1.0,0.0,0.0
2026-06-20 04:19:49,77,0.14011533558368683,1.0,0.0,0.0
2026-06-20 04:19:53,78,0.15008699893951416,1.0,0.0,0.0
2026-06-20 04:19:58,79,0.05404873192310333,1.0,0.0,0.0
2026-06-20 04:20:02,80,0.2358584702014923,1.0,0.0,0.0
2026-06-20 04:20:07,81,0.3569180965423584,1.0,0.0,0.0
2026-06-20 04:20:12,82,0.036637235432863235,1.0,0.0,0.0
2026-06-20 04:20:16,83,0.1956884264945984,1.0,0.0,0.0
2026-06-20 04:20:21,84,0.01758488081395626,1.0,0.0,0.0
2026-06-20 04:20:25,85,0.08171065896749496,1.0,0.0,0.0
2026-06-20 04:20:30,86,0.004269702825695276,1.0,0.0,0.0
2026-06-20 04:20:35,87,0.0021373166237026453,1.0,0.0,0.0
2026-06-20 04:20:39,88,0.00024346960708498955,1.0,0.0,0.0
2026-06-20 04:20:44,89,0.0102473683655262,1.0,0.0,0.0
2026-06-20 04:20:48,90,0.19046051800251007,1.0,0.0,0.0
2026-06-20 04:20:53,91,0.3778412342071533,1.0,0.0,0.0
2026-06-20 04:20:58,92,0.030491510406136513,1.0,0.0,0.0
2026-06-20 04:21:02,93,0.5704944729804993,1.0,0.0,0.0
2026-06-20 04:21:07,94,0.15042613446712494,1.0,0.0,0.0
2026-06-20 04:21:12,95,0.10236074775457382,1.0,0.0,0.0
2026-06-20 04:21:16,96,0.031314149498939514,1.0,0.0,0.0
2026-06-20 04:21:21,97,0.03353458270430565,1.0,0.0,0.0
2026-06-20 04:21:25,98,0.09581395983695984,1.0,0.0,0.0
2026-06-20 04:21:30,99,0.025490520521998405,1.0,0.0,0.0
2026-06-20 04:21:35,100,0.07397680729627609,1.0,0.0,0.0
2026-06-20 04:21:39,101,6.631488213315606e-05,1.0,0.0,0.0
2026-06-20 04:21:44,102,0.005176221951842308,1.0,0.0,0.0
2026-06-20 04:21:48,103,0.1642390489578247,1.0,0.0,0.0
2026-06-20 04:21:53,104,0.4702282249927521,1.0,0.0,0.0
2026-06-20 04:21:58,105,0.01597984880208969,1.0,0.0,0.0
2026-06-20 04:22:02,106,0.0005665677017532289,1.0,0.0,0.0
2026-06-20 04:22:07,107,0.08321918547153473,1.0,0.0,0.0
2026-06-20 04:22:11,108,0.038393761962652206,1.0,0.0,0.0
2026-06-20 04:22:16,109,0.4119300842285156,1.0,0.0,0.0
2026-06-20 04:22:21,110,0.07919033616781235,1.0,0.0,0.0
2026-06-20 04:22:25,111,0.06976276636123657,1.0,0.0,0.0
2026-06-20 04:22:30,112,0.09139861166477203,1.0,0.0,0.0
2026-06-20 04:22:34,113,0.14584006369113922,1.0,0.0,0.0
2026-06-20 04:22:39,114,0.2747795879840851,1.0,0.0,0.0
2026-06-20 04:22:44,115,0.6327890157699585,1.0,0.0,0.0
2026-06-20 04:22:48,116,0.12591958045959473,1.0,0.0,0.0
2026-06-20 04:22:53,117,0.2195991724729538,1.0,0.0,0.0
2026-06-20 04:22:57,118,0.32391783595085144,1.0,0.0,0.0
2026-06-20 04:23:02,119,0.18220078945159912,1.0,0.0,0.0
2026-06-20 04:23:07,120,0.018861860036849976,1.0,0.0,0.0
2026-06-20 04:23:11,121,0.018555818125605583,1.0,0.0,0.0
2026-06-20 04:23:16,122,0.006417222786694765,1.0,0.0,0.0
2026-06-20 04:23:20,123,0.003406939562410116,1.0,0.0,0.0
2026-06-20 04:23:25,124,0.04177611321210861,1.0,0.0,0.0
2026-06-20 04:23:30,125,0.12213925272226334,1.0,0.0,0.0
2026-06-20 04:23:34,126,0.26252374053001404,1.0,0.0,0.0
2026-06-20 04:23:39,127,0.0805908665060997,1.0,0.0,0.0
2026-06-20 04:23:44,128,0.6288420557975769,1.0,0.0,0.0
2026-06-20 04:23:48,129,0.02448386326432228,1.0,0.0,0.0
2026-06-20 04:23:53,130,0.18549859523773193,1.0,0.0,0.0
2026-06-20 04:23:57,131,0.24809212982654572,1.0,0.0,0.0
2026-06-20 04:24:02,132,0.0021116486750543118,1.0,0.0,0.0
2026-06-20 04:24:07,133,0.03541620075702667,1.0,0.0,0.0
2026-06-20 04:24:11,134,0.0007936893380247056,1.0,0.0,0.0
2026-06-20 04:24:16,135,0.0044023264199495316,1.0,0.0,0.0
2026-06-20 04:24:20,136,0.038186971098184586,1.0,0.0,0.0
2026-06-20 04:24:25,137,0.03591937944293022,1.0,0.0,0.0
2026-06-20 04:24:30,138,0.002055948134511709,1.0,0.0,0.0
2026-06-20 04:24:34,139,0.0002770361606962979,1.0,0.0,0.0
2026-06-20 04:24:39,140,0.025150183588266373,1.0,0.0,0.0
2026-06-20 04:24:44,141,0.01463615708053112,1.0,0.0,0.0
2026-06-20 04:24:48,142,0.09969862550497055,1.0,0.0,0.0
2026-06-20 04:24:53,143,0.16940881311893463,1.0,0.0,0.0
2026-06-20 04:24:57,144,0.04134368523955345,1.0,0.0,0.0
2026-06-20 04:25:02,145,0.05564514547586441,1.0,0.0,0.0
2026-06-20 04:25:07,146,0.13702061772346497,1.0,0.0,0.0
2026-06-20 04:25:11,147,0.10922013223171234,1.0,0.0,0.0
2026-06-20 04:25:16,148,0.04573022574186325,1.0,0.0,0.0
2026-06-20 04:25:20,149,0.6155627965927124,1.0,0.0,0.0
2026-06-20 04:25:25,150,0.030369607731699944,1.0,0.0,0.0
2026-06-20 04:25:30,151,0.9776450395584106,1.0,0.0,0.0
2026-06-20 04:25:34,152,0.16522745788097382,1.0,0.0,0.0
2026-06-20 04:25:39,153,0.003163397777825594,1.0,0.0,0.0
2026-06-20 04:25:43,154,0.0033937685657292604,1.0,0.0,0.0
2026-06-20 04:25:48,155,0.026474488899111748,1.0,0.0,0.0
2026-06-20 04:25:53,156,0.00012399927072692662,1.0,0.0,0.0
2026-06-20 04:25:57,157,0.022643132135272026,1.0,0.0,0.0
2026-06-20 04:26:02,158,0.0006556057487614453,1.0,0.0,0.0
2026-06-20 04:26:06,159,0.10693131387233734,1.0,0.0,0.0
2026-06-20 04:26:11,160,0.15788523852825165,1.0,0.0,0.0
2026-06-20 04:26:16,161,0.10746318101882935,1.0,0.0,0.0
2026-06-20 04:26:21,162,0.00043376372195780277,1.0,0.0,0.0
2026-06-20 04:26:25,163,0.1089288666844368,1.0,0.0,0.0
2026-06-20 04:26:30,164,0.001659185392782092,1.0,0.0,0.0
2026-06-20 04:26:35,165,0.13181473314762115,1.0,0.0,0.0
2026-06-20 04:26:39,166,0.12338443100452423,1.0,0.0,0.0
2026-06-20 04:26:44,167,0.0010292264632880688,1.0,0.0,0.0
2026-06-20 04:26:48,168,0.3010762333869934,1.0,0.0,0.0
2026-06-20 04:26:53,169,3.907709469785914e-05,1.0,0.0,0.0
2026-06-20 04:26:58,170,0.631668746471405,1.0,0.0,0.0
2026-06-20 04:27:02,171,0.1383805274963379,1.0,0.0,0.0
2026-06-20 04:27:07,172,0.01313137449324131,1.0,0.0,0.0
2026-06-20 04:27:12,173,0.19296778738498688,1.0,0.0,0.0
2026-06-20 04:27:16,174,0.6102409362792969,1.0,0.0,0.0
2026-06-20 04:27:21,175,0.12722085416316986,1.0,0.0,0.0
2026-06-20 04:27:26,176,0.23651476204395294,1.0,0.0,0.0
2026-06-20 04:27:30,177,0.05560070276260376,1.0,0.0,0.0
2026-06-20 04:27:35,178,0.07002180814743042,1.0,0.0,0.0
2026-06-20 04:27:39,179,0.0765753835439682,1.0,0.0,0.0
2026-06-20 04:27:44,180,0.087241031229496,1.0,0.0,0.0
2026-06-20 04:27:49,181,0.0073191458359360695,1.0,0.0,0.0
2026-06-20 04:27:53,182,0.022637559100985527,1.0,0.0,0.0
2026-06-20 04:27:58,183,0.019043702632188797,1.0,0.0,0.0
2026-06-20 04:28:02,184,0.01752312481403351,1.0,0.0,0.0
2026-06-20 04:28:07,185,0.03280090540647507,1.0,0.0,0.0
2026-06-20 04:28:12,186,0.45333245396614075,1.0,0.0,0.0
2026-06-20 04:28:16,187,0.2565842270851135,1.0,0.0,0.0
2026-06-20 04:28:21,188,0.20439717173576355,1.0,0.0,0.0
2026-06-20 04:28:26,189,0.14585617184638977,1.0,0.0,0.0
2026-06-20 04:28:31,190,0.026168351992964745,1.0,0.0,0.0
2026-06-20 04:28:35,191,0.02487824857234955,1.0,0.0,0.0
2026-06-20 04:28:40,192,0.4491502046585083,1.0,0.0,0.0
2026-06-20 04:28:44,193,0.028151823207736015,1.0,0.0,0.0
2026-06-20 04:28:49,194,0.21248731017112732,1.0,0.0,0.0
2026-06-20 04:28:54,195,0.028956787660717964,1.0,0.0,0.0
2026-06-20 04:28:58,196,0.5892893075942993,1.0,0.0,0.0
2026-06-20 04:29:03,197,0.1475401073694229,1.0,0.0,0.0
2026-06-20 04:29:07,198,0.15192824602127075,1.0,0.0,0.0
2026-06-20 04:29:12,199,0.1480405032634735,1.0,0.0,0.0
2026-06-20 04:29:17,200,0.04755811393260956,1.0,0.0,0.0
2026-06-20 04:29:21,201,0.01424332708120346,1.0,0.0,0.0
2026-06-20 04:29:26,202,0.010307461954653263,1.0,0.0,0.0
2026-06-20 04:29:31,203,1.6449187994003296,1.0,0.0,0.0
2026-06-20 04:29:35,204,0.016506226733326912,1.0,0.0,0.0
2026-06-20 04:29:40,205,0.027634188532829285,1.0,0.0,0.0
2026-06-20 04:29:44,206,0.0006227678386494517,1.0,0.0,0.0
2026-06-20 04:29:49,207,0.06589585542678833,1.0,0.0,0.0
2026-06-20 04:29:54,208,0.2748852074146271,1.0,0.0,0.0
2026-06-20 04:29:58,209,0.26420316100120544,1.0,0.0,0.0
2026-06-20 04:30:03,210,0.0009269294678233564,1.0,0.0,0.0
2026-06-20 04:30:08,211,0.900600790977478,1.0,0.0,0.0
2026-06-20 04:30:12,212,0.3172474205493927,1.0,0.0,0.0
2026-06-20 04:30:17,213,0.0006295249913819134,1.0,0.0,0.0
2026-06-20 04:30:21,214,0.003641054267063737,1.0,0.0,0.0
2026-06-20 04:30:26,215,0.283297598361969,1.0,0.0,0.0
2026-06-20 04:30:31,216,0.37367331981658936,1.0,0.0,0.0
2026-06-20 04:30:35,217,0.2675393521785736,1.0,0.0,0.0
2026-06-20 04:30:40,218,0.0010870371479541063,1.0,0.0,0.0
2026-06-20 04:30:44,219,0.08028998970985413,1.0,0.0,0.0
2026-06-20 04:30:49,220,0.5795044898986816,1.0,0.0,0.0
2026-06-20 04:30:54,221,0.0004952155286446214,1.0,0.0,0.0
2026-06-20 04:30:58,222,0.11106091737747192,1.0,0.0,0.0
2026-06-20 04:31:03,223,0.20337410271167755,1.0,0.0,0.0
2026-06-20 04:31:08,224,0.16969628632068634,1.0,0.0,0.0
2026-06-20 04:31:12,225,0.059475935995578766,1.0,0.0,0.0
2026-06-20 04:31:17,226,0.00021494259999599308,1.0,0.0,0.0
2026-06-20 04:31:21,227,0.2629239559173584,1.0,0.0,0.0
2026-06-20 04:31:26,228,0.03825794532895088,1.0,0.0,0.0
2026-06-20 04:31:31,229,0.026805706322193146,1.0,0.0,0.0
2026-06-20 04:31:35,230,0.03900264576077461,1.0,0.0,0.0
2026-06-20 04:31:40,231,0.010838600806891918,1.0,0.0,0.0
2026-06-20 04:31:45,232,0.06234441697597504,1.0,0.0,0.0
2026-06-20 04:31:49,233,0.0008830153965391219,1.0,0.0,0.0
2026-06-20 04:31:54,234,0.0019086855463683605,1.0,0.0,0.0
2026-06-20 04:31:59,235,0.2769114673137665,1.0,0.0,0.0
2026-06-20 04:32:03,236,0.2406170666217804,1.0,0.0,0.0
2026-06-20 04:32:08,237,0.16974881291389465,1.0,0.0,0.0
2026-06-20 04:32:12,238,0.048224613070487976,1.0,0.0,0.0
2026-06-20 04:32:17,239,0.006278294138610363,1.0,0.0,0.0
2026-06-20 04:32:22,240,0.07056139409542084,1.0,0.0,0.0
2026-06-20 04:32:26,241,0.12523028254508972,1.0,0.0,0.0
2026-06-20 04:32:31,242,0.005102468188852072,1.0,0.0,0.0
2026-06-20 04:32:35,243,0.15709751844406128,1.0,0.0,0.0
2026-06-20 04:32:40,244,0.7678801417350769,1.0,0.0,0.0
2026-06-20 04:32:45,245,0.00013988408318255097,1.0,0.0,0.0
2026-06-20 04:32:49,246,0.14765487611293793,1.0,0.0,0.0
2026-06-20 04:32:54,247,9.538634913042188e-05,1.0,0.0,0.0
2026-06-20 04:32:59,248,0.11650233715772629,1.0,0.0,0.0
2026-06-20 04:33:03,249,0.009241391904652119,1.0,0.0,0.0
2026-06-20 04:33:08,250,0.3439885377883911,1.0,0.0,0.0
2026-06-20 04:33:12,251,0.49651604890823364,1.0,0.0,0.0
2026-06-20 04:33:17,252,0.02514594979584217,1.0,0.0,0.0
2026-06-20 04:33:22,253,0.008806650526821613,1.0,0.0,0.0
2026-06-20 04:33:26,254,0.0034161671064794064,1.0,0.0,0.0
2026-06-20 04:33:31,255,0.07790672779083252,1.0,0.0,0.0
2026-06-20 04:33:35,256,0.018570244312286377,1.0,0.0,0.0
2026-06-20 04:33:40,257,0.004609556403011084,1.0,0.0,0.0
2026-06-20 04:33:44,258,0.007570226211100817,1.0,0.0,0.0
2026-06-20 04:33:49,259,0.05711709335446358,1.0,0.0,0.0
2026-06-20 04:33:54,260,0.1346444934606552,1.0,0.0,0.0
2026-06-20 04:33:58,261,0.02781154029071331,1.0,0.0,0.0
2026-06-20 04:34:03,262,0.7477157115936279,1.0,0.0,0.0
2026-06-20 04:34:08,263,0.24294383823871613,1.0,0.0,0.0
2026-06-20 04:34:12,264,0.10764550417661667,1.0,0.0,0.0
2026-06-20 04:34:17,265,0.11220981180667877,1.0,0.0,0.0
2026-06-20 04:34:21,266,0.1732785999774933,1.0,0.0,0.0
2026-06-20 04:34:26,267,0.006232717074453831,1.0,0.0,0.0
2026-06-20 04:34:31,268,0.3621405363082886,1.0,0.0,0.0
2026-06-20 04:34:35,269,0.0005464061396196485,1.0,0.0,0.0
2026-06-20 04:34:40,270,0.10631131380796432,1.0,0.0,0.0
2026-06-20 04:34:44,271,0.10386458039283752,1.0,0.0,0.0
2026-06-20 04:34:49,272,0.5380013585090637,1.0,0.0,0.0
2026-06-20 04:34:53,273,0.27221035957336426,1.0,0.0,0.0
2026-06-20 04:34:58,274,0.01010916568338871,1.0,0.0,0.0
2026-06-20 04:35:03,275,0.44141411781311035,1.0,0.0,0.0
2026-06-20 04:35:07,276,0.0038133286871016026,1.0,0.0,0.0
2026-06-20 04:35:12,277,0.5392588376998901,1.0,0.0,0.0
2026-06-20 04:35:17,278,0.39302417635917664,1.0,0.0,0.0
2026-06-20 04:35:21,279,0.0017632299568504095,1.0,0.0,0.0
2026-06-20 04:35:26,280,0.11612017452716827,1.0,0.0,0.0
2026-06-20 04:35:30,281,0.0410030260682106,1.0,0.0,0.0
2026-06-20 04:35:35,282,0.8138660788536072,1.0,0.0,0.0
2026-06-20 04:35:40,283,0.01133283507078886,1.0,0.0,0.0
2026-06-20 04:35:44,284,0.3869205415248871,1.0,0.0,0.0
2026-06-20 04:35:49,285,0.007098082918673754,1.0,0.0,0.0
2026-06-20 04:35:54,286,0.16979734599590302,1.0,0.0,0.0
2026-06-20 04:35:58,287,0.006299169734120369,1.0,0.0,0.0
2026-06-20 04:36:03,288,0.04629207402467728,1.0,0.0,0.0
2026-06-20 04:36:07,289,0.35047030448913574,1.0,0.0,0.0
2026-06-20 04:36:12,290,0.3961440920829773,1.0,0.0,0.0
2026-06-20 04:36:17,291,0.22550725936889648,1.0,0.0,0.0
2026-06-20 04:36:21,292,0.009370268322527409,1.0,0.0,0.0
2026-06-20 04:36:26,293,0.04993727058172226,1.0,0.0,0.0
2026-06-20 04:36:31,294,0.026922160759568214,1.0,0.0,0.0
2026-06-20 04:36:35,295,0.025194764137268066,1.0,0.0,0.0
2026-06-20 04:36:40,296,0.0581868439912796,1.0,0.0,0.0
2026-06-20 04:36:44,297,0.04352658614516258,1.0,0.0,0.0
2026-06-20 04:36:49,298,0.3621461093425751,1.0,0.0,0.0
2026-06-20 04:36:54,299,0.004981559235602617,1.0,0.0,0.0
2026-06-20 04:36:58,300,0.010056273080408573,1.0,0.0,0.0
2026-06-20 04:37:03,301,0.03969820961356163,1.0,0.0,0.0
2026-06-20 04:37:08,302,0.001982751302421093,1.0,0.0,0.0
2026-06-20 04:37:12,303,0.006222001276910305,1.0,0.0,0.0
2026-06-20 04:37:17,304,0.06806331872940063,1.0,0.0,0.0
2026-06-20 04:37:22,305,0.0009656663169153035,1.0,0.0,0.0
2026-06-20 04:37:26,306,0.31227195262908936,1.0,0.0,0.0
2026-06-20 04:37:31,307,0.001946653239428997,1.0,0.0,0.0
2026-06-20 04:37:36,308,0.01276189275085926,1.0,0.0,0.0
2026-06-20 04:37:40,309,0.17790959775447845,1.0,0.0,0.0
2026-06-20 04:37:45,310,0.031173180788755417,1.0,0.0,0.0
2026-06-20 04:37:49,311,0.007483683992177248,1.0,0.0,0.0
2026-06-20 04:37:54,312,0.013736637309193611,1.0,0.0,0.0
2026-06-20 04:37:59,313,0.0027019951958209276,1.0,0.0,0.0
2026-06-20 04:38:03,314,0.007411246653646231,1.0,0.0,0.0
2026-06-20 04:38:08,315,0.0007252235081978142,1.0,0.0,0.0
2026-06-20 04:38:12,316,0.029827844351530075,1.0,0.0,0.0
2026-06-20 04:38:17,317,0.004823808558285236,1.0,0.0,0.0
2026-06-20 04:38:22,318,0.016737669706344604,1.0,0.0,0.0
2026-06-20 04:38:26,319,0.007823649793863297,1.0,0.0,0.0
2026-06-20 04:38:31,320,0.04624402895569801,1.0,0.0,0.0
2026-06-20 04:38:36,321,0.21415671706199646,1.0,0.0,0.0
2026-06-20 04:38:40,322,0.41511231660842896,1.0,0.0,0.0
2026-06-20 04:38:45,323,0.005766496527940035,1.0,0.0,0.0
2026-06-20 04:38:49,324,0.04281916469335556,1.0,0.0,0.0
2026-06-20 04:38:54,325,0.16764305531978607,1.0,0.0,0.0
2026-06-20 04:38:59,326,0.23714588582515717,1.0,0.0,0.0
2026-06-20 04:39:03,327,0.0885787308216095,1.0,0.0,0.0
2026-06-20 04:39:08,328,0.013919727876782417,1.0,0.0,0.0
2026-06-20 04:39:12,329,0.0758630633354187,1.0,0.0,0.0
2026-06-20 04:39:17,330,0.009387788362801075,1.0,0.0,0.0
2026-06-20 04:39:22,331,0.000839217915199697,1.0,0.0,0.0
2026-06-20 04:39:26,332,0.3978794813156128,1.0,0.0,0.0
2026-06-20 04:39:31,333,0.1828843504190445,1.0,0.0,0.0
2026-06-20 04:39:36,334,0.003107701661065221,1.0,0.0,0.0
2026-06-20 04:39:40,335,0.016230721026659012,1.0,0.0,0.0
2026-06-20 04:39:45,336,0.2170373797416687,1.0,0.0,0.0
2026-06-20 04:39:50,337,0.12430787086486816,1.0,0.0,0.0
2026-06-20 04:39:54,338,0.014466259628534317,1.0,0.0,0.0
2026-06-20 04:39:59,339,0.2784781754016876,1.0,0.0,0.0
2026-06-20 04:40:03,340,0.025181127712130547,1.0,0.0,0.0
2026-06-20 04:40:08,341,0.214981347322464,1.0,0.0,0.0
2026-06-20 04:40:13,342,0.0038694252725690603,1.0,0.0,0.0
2026-06-20 04:40:17,343,0.058431774377822876,1.0,0.0,0.0
2026-06-20 04:40:22,344,0.09239133447408676,1.0,0.0,0.0
2026-06-20 04:40:26,345,0.26943209767341614,1.0,0.0,0.0
2026-06-20 04:40:31,346,0.3181845545768738,1.0,0.0,0.0
2026-06-20 04:40:36,347,0.01680861972272396,1.0,0.0,0.0
2026-06-20 04:40:40,348,0.021387331187725067,1.0,0.0,0.0
2026-06-20 04:40:45,349,0.018773501738905907,1.0,0.0,0.0
2026-06-20 04:40:50,350,0.015847548842430115,1.0,0.0,0.0
2026-06-20 04:40:54,351,0.002621633931994438,1.0,0.0,0.0
2026-06-20 04:40:59,352,0.3914410471916199,1.0,0.0,0.0
2026-06-20 04:41:03,353,0.6542695760726929,1.0,0.0,0.0
2026-06-20 04:41:08,354,0.03154463693499565,1.0,0.0,0.0
2026-06-20 04:41:13,355,0.040321364998817444,1.0,0.0,0.0
2026-06-20 04:41:17,356,0.28256750106811523,1.0,0.0,0.0
2026-06-20 04:41:22,357,0.021140480414032936,1.0,0.0,0.0
2026-06-20 04:41:26,358,0.215851828455925,1.0,0.0,0.0
2026-06-20 04:41:31,359,0.0400933139026165,1.0,0.0,0.0
2026-06-20 04:41:36,360,0.024851955473423004,1.0,0.0,0.0
2026-06-20 04:41:40,361,0.0005808799178339541,1.0,0.0,0.0
2026-06-20 04:41:45,362,0.08143085986375809,1.0,0.0,0.0
2026-06-20 04:41:50,363,0.0012461895821616054,1.0,0.0,0.0
2026-06-20 04:41:54,364,0.0925440564751625,1.0,0.0,0.0
2026-06-20 04:41:59,365,0.002194545231759548,1.0,0.0,0.0
2026-06-20 04:42:04,366,0.09891405701637268,1.0,0.0,0.0
2026-06-20 04:42:09,367,0.007110826205462217,1.0,0.0,0.0
2026-06-20 04:42:13,368,7.123012619558722e-05,1.0,0.0,0.0
2026-06-20 04:42:18,369,0.04033095762133598,1.0,0.0,0.0
2026-06-20 04:42:22,370,0.001116040744818747,1.0,0.0,0.0
2026-06-20 04:42:27,371,0.013743417337536812,1.0,0.0,0.0
2026-06-20 04:42:32,372,0.19600611925125122,1.0,0.0,0.0
2026-06-20 04:42:36,373,0.22359971702098846,1.0,0.0,0.0
2026-06-20 04:42:41,374,0.0006944210035726428,1.0,0.0,0.0
2026-06-20 04:42:45,375,0.18451504409313202,1.0,0.0,0.0
2026-06-20 04:42:50,376,0.003304125973954797,1.0,0.0,0.0
2026-06-20 04:42:55,377,0.047097347676754,1.0,0.0,0.0
2026-06-20 04:42:59,378,0.0025261701084673405,1.0,0.0,0.0
2026-06-20 04:43:04,379,0.037159573286771774,1.0,0.0,0.0
2026-06-20 04:43:08,380,0.13244590163230896,1.0,0.0,0.0
2026-06-20 04:43:13,381,0.02340961992740631,1.0,0.0,0.0
2026-06-20 04:43:18,382,0.005720367189496756,1.0,0.0,0.0
2026-06-20 04:43:22,383,0.03506962209939957,1.0,0.0,0.0
2026-06-20 04:43:27,384,0.008577854372560978,1.0,0.0,0.0
2026-06-20 04:43:32,385,0.011907911859452724,1.0,0.0,0.0
2026-06-20 04:43:36,386,0.003942541778087616,1.0,0.0,0.0
2026-06-20 04:43:41,387,0.5575451254844666,1.0,0.0,0.0
2026-06-20 04:43:46,388,0.06262239813804626,1.0,0.0,0.0
2026-06-20 04:43:50,389,0.054707519710063934,1.0,0.0,0.0
2026-06-20 04:43:55,390,0.03751241788268089,1.0,0.0,0.0
2026-06-20 04:44:00,391,0.0014454444171860814,1.0,0.0,0.0
2026-06-20 04:44:04,392,0.035958677530288696,1.0,0.0,0.0
2026-06-20 04:44:09,393,0.16366976499557495,1.0,0.0,0.0
2026-06-20 04:44:13,394,5.098081601317972e-05,1.0,0.0,0.0
2026-06-20 04:44:18,395,0.0339013934135437,1.0,0.0,0.0
2026-06-20 04:44:23,396,0.04944835603237152,1.0,0.0,0.0
2026-06-20 04:44:27,397,0.3883066177368164,1.0,0.0,0.0
2026-06-20 04:44:32,398,0.0023869893047958612,1.0,0.0,0.0
2026-06-20 04:44:36,399,0.12517507374286652,1.0,0.0,0.0
2026-06-20 04:44:41,400,0.0053295958787202835,1.0,0.0,0.0
2026-06-20 04:44:46,401,0.012505294755101204,1.0,0.0,0.0
2026-06-20 04:44:50,402,0.03879420459270477,1.0,0.0,0.0
2026-06-20 04:44:55,403,0.13160760700702667,1.0,0.0,0.0
2026-06-20 04:45:00,404,3.6253989037504653e-06,1.0,0.0,0.0
2026-06-20 04:45:04,405,0.25293612480163574,1.0,0.0,0.0
2026-06-20 04:45:09,406,0.01883174479007721,1.0,0.0,0.0
2026-06-20 04:45:13,407,0.25044819712638855,1.0,0.0,0.0
2026-06-20 04:45:18,408,0.012303325347602367,1.0,0.0,0.0
2026-06-20 04:45:23,409,0.22094641625881195,1.0,0.0,0.0
2026-06-20 04:45:27,410,0.005876696202903986,1.0,0.0,0.0
2026-06-20 04:45:32,411,0.011753232218325138,1.0,0.0,0.0
2026-06-20 04:45:37,412,0.23987342417240143,1.0,0.0,0.0
2026-06-20 04:45:41,413,0.08856464177370071,1.0,0.0,0.0
2026-06-20 04:45:46,414,0.06026854366064072,1.0,0.0,0.0
2026-06-20 04:45:51,415,0.4512537717819214,1.0,0.0,0.0
2026-06-20 04:45:55,416,0.19678466022014618,1.0,0.0,0.0
2026-06-20 04:46:00,417,5.3322484745876864e-05,1.0,0.0,0.0
2026-06-20 04:46:04,418,0.029454195871949196,1.0,0.0,0.0
2026-06-20 04:46:09,419,0.23481030762195587,1.0,0.0,0.0
2026-06-20 04:46:14,420,0.3766760230064392,1.0,0.0,0.0
2026-06-20 04:46:18,421,0.011655907146632671,1.0,0.0,0.0
2026-06-20 04:46:23,422,0.059260763227939606,1.0,0.0,0.0
2026-06-20 04:46:28,423,0.21366024017333984,1.0,0.0,0.0
2026-06-20 04:46:33,424,0.019139014184474945,1.0,0.0,0.0
2026-06-20 04:46:38,425,0.026213394477963448,1.0,0.0,0.0
2026-06-20 04:46:44,426,0.15116403996944427,1.0,0.0,0.0
2026-06-20 04:46:49,427,0.03086990676820278,1.0,0.0,0.0
2026-06-20 04:46:54,428,0.31809890270233154,1.0,0.0,0.0
2026-06-20 04:47:00,429,0.11228661239147186,1.0,0.0,0.0
2026-06-20 04:47:05,430,0.024578044191002846,1.0,0.0,0.0
2026-06-20 04:47:10,431,0.08535996079444885,1.0,0.0,0.0
2026-06-20 04:47:17,432,0.24819213151931763,1.0,0.0,0.0
2026-06-20 04:47:23,433,0.0041784183122217655,1.0,0.0,0.0
2026-06-20 04:47:28,434,0.005311246961355209,1.0,0.0,0.0
2026-06-20 04:47:32,435,0.0260658860206604,1.0,0.0,0.0
2026-06-20 04:47:37,436,0.006752742920070887,1.0,0.0,0.0
2026-06-20 04:47:42,437,0.03145429119467735,1.0,0.0,0.0
2026-06-20 04:47:46,438,0.017411118373274803,1.0,0.0,0.0
2026-06-20 04:47:51,439,0.0039200009778141975,1.0,0.0,0.0
2026-06-20 04:47:55,440,0.11536821722984314,1.0,0.0,0.0
2026-06-20 04:48:00,441,0.032397665083408356,1.0,0.0,0.0
2026-06-20 04:48:05,442,0.46140292286872864,1.0,0.0,0.0
2026-06-20 04:48:09,443,0.07031293958425522,1.0,0.0,0.0
2026-06-20 04:48:14,444,0.011774989776313305,1.0,0.0,0.0
2026-06-20 04:48:18,445,0.005894605536013842,1.0,0.0,0.0
2026-06-20 04:48:23,446,0.31972217559814453,1.0,0.0,0.0
2026-06-20 04:48:28,447,0.081290602684021,1.0,0.0,0.0
2026-06-20 04:48:32,448,0.01131077017635107,1.0,0.0,0.0
2026-06-20 04:48:37,449,0.007337211165577173,1.0,0.0,0.0
2026-06-20 04:48:42,450,0.09973502904176712,1.0,0.0,0.0
2026-06-20 04:48:46,451,0.11420129239559174,1.0,0.0,0.0
2026-06-20 04:48:51,452,0.14543481171131134,1.0,0.0,0.0
2026-06-20 04:48:55,453,0.06914214044809341,1.0,0.0,0.0
2026-06-20 04:49:00,454,0.013147970661520958,1.0,0.0,0.0
2026-06-20 04:49:05,455,0.02168767899274826,1.0,0.0,0.0
2026-06-20 04:49:09,456,0.025310931727290154,1.0,0.0,0.0
2026-06-20 04:49:14,457,0.007181480992585421,1.0,0.0,0.0
2026-06-20 04:49:18,458,0.5148674249649048,1.0,0.0,0.0
2026-06-20 04:49:23,459,0.16452553868293762,1.0,0.0,0.0
2026-06-20 04:49:28,460,0.04618331789970398,1.0,0.0,0.0
2026-06-20 04:49:32,461,0.00039079267298802733,1.0,0.0,0.0
2026-06-20 04:49:37,462,0.027424965053796768,1.0,0.0,0.0
2026-06-20 04:49:42,463,0.25657451152801514,1.0,0.0,0.0
2026-06-20 04:49:46,464,0.009470873512327671,1.0,0.0,0.0
2026-06-20 04:49:51,465,0.0034839583095163107,1.0,0.0,0.0
2026-06-20 04:49:55,466,0.005517448764294386,1.0,0.0,0.0
2026-06-20 04:50:00,467,0.01455081906169653,1.0,0.0,0.0
2026-06-20 04:50:05,468,0.0003436011611483991,1.0,0.0,0.0
2026-06-20 04:50:09,469,0.28870531916618347,1.0,0.0,0.0
2026-06-20 04:50:14,470,0.03947415575385094,1.0,0.0,0.0
2026-06-20 04:50:19,471,0.008826004341244698,1.0,0.0,0.0
2026-06-20 04:50:23,472,0.09418859332799911,1.0,0.0,0.0
2026-06-20 04:50:28,473,0.6463350653648376,1.0,0.0,0.0
2026-06-20 04:50:33,474,0.14164352416992188,1.0,0.0,0.0
2026-06-20 04:50:37,475,0.12692689895629883,1.0,0.0,0.0
2026-06-20 04:50:42,476,0.029387107118964195,1.0,0.0,0.0
2026-06-20 04:50:46,477,0.09057887643575668,1.0,0.0,0.0
2026-06-20 04:50:51,478,0.0004212239873595536,1.0,0.0,0.0
2026-06-20 04:50:56,479,0.15336266160011292,1.0,0.0,0.0
2026-06-20 04:51:00,480,0.0006929060909897089,1.0,0.0,0.0
2026-06-20 04:51:05,481,0.2783237099647522,1.0,0.0,0.0
2026-06-20 04:51:10,482,0.009514677338302135,1.0,0.0,0.0
2026-06-20 04:51:14,483,0.1438496857881546,1.0,0.0,0.0
2026-06-20 04:51:19,484,0.3035082519054413,1.0,0.0,0.0
2026-06-20 04:51:23,485,0.01976640149950981,1.0,0.0,0.0
2026-06-20 04:51:28,486,0.035828929394483566,1.0,0.0,0.0
2026-06-20 04:51:33,487,0.05490678548812866,1.0,0.0,0.0
2026-06-20 04:51:37,488,0.03427008166909218,1.0,0.0,0.0
2026-06-20 04:51:42,489,0.019690949469804764,1.0,0.0,0.0
2026-06-20 04:51:47,490,0.0019936426542699337,1.0,0.0,0.0
2026-06-20 04:51:51,491,0.04507280886173248,1.0,0.0,0.0
2026-06-20 04:51:56,492,0.22879259288311005,1.0,0.0,0.0
2026-06-20 04:52:00,493,0.270580530166626,1.0,0.0,0.0
2026-06-20 04:52:05,494,0.14850972592830658,1.0,0.0,0.0
2026-06-20 04:52:10,495,0.08806152641773224,1.0,0.0,0.0
2026-06-20 04:52:14,496,0.006574385333806276,1.0,0.0,0.0
2026-06-20 04:52:19,497,0.05268579721450806,1.0,0.0,0.0
2026-06-20 04:52:23,498,0.35130175948143005,1.0,0.0,0.0
2026-06-20 04:52:28,499,0.03993460536003113,1.0,0.0,0.0
2026-06-20 04:52:33,500,0.042649030685424805,1.0,0.0,0.0
2026-06-20 04:52:37,501,0.6275674700737,1.0,0.0,0.0
2026-06-20 04:52:42,502,0.10736964643001556,1.0,0.0,0.0
2026-06-20 04:52:47,503,0.018020905554294586,1.0,0.0,0.0
2026-06-20 04:52:51,504,0.0011078515090048313,1.0,0.0,0.0
2026-06-20 04:52:56,505,0.13249316811561584,1.0,0.0,0.0
2026-06-20 04:53:00,506,0.256608247756958,1.0,0.0,0.0
2026-06-20 04:53:05,507,1.1917877197265625,1.0,0.0,0.0
2026-06-20 04:53:10,508,0.0011557047255337238,1.0,0.0,0.0
2026-06-20 04:53:14,509,0.0069734095595777035,1.0,0.0,0.0
2026-06-20 04:53:19,510,0.02776685729622841,1.0,0.0,0.0
2026-06-20 04:53:23,511,0.07231125235557556,1.0,0.0,0.0
2026-06-20 04:53:28,512,0.0065844678319990635,1.0,0.0,0.0
2026-06-20 04:53:33,513,0.0013701856369152665,1.0,0.0,0.0
2026-06-20 04:53:37,514,0.032600414007902145,1.0,0.0,0.0
2026-06-20 04:53:42,515,0.0012799027608707547,1.0,0.0,0.0
2026-06-20 04:53:47,516,0.5057792663574219,1.0,0.0,0.0
2026-06-20 04:53:51,517,0.18181397020816803,1.0,0.0,0.0
2026-06-20 04:53:56,518,0.009869369678199291,1.0,0.0,0.0
2026-06-20 04:54:00,519,0.019724005833268166,1.0,0.0,0.0
2026-06-20 04:54:05,520,0.3798114061355591,1.0,0.0,0.0
2026-06-20 04:54:10,521,0.12608647346496582,1.0,0.0,0.0
2026-06-20 04:54:14,522,0.055870171636343,1.0,0.0,0.0
2026-06-20 04:54:19,523,0.0638941079378128,1.0,0.0,0.0
2026-06-20 04:54:24,524,0.06722381711006165,1.0,0.0,0.0
2026-06-20 04:54:28,525,0.0007804490742273629,1.0,0.0,0.0
2026-06-20 04:54:33,526,0.014405498281121254,1.0,0.0,0.0
2026-06-20 04:54:37,527,0.030296428129076958,1.0,0.0,0.0
2026-06-20 04:54:42,528,0.1359144002199173,1.0,0.0,0.0
2026-06-20 04:54:47,529,0.12282318621873856,1.0,0.0,0.0
2026-06-20 04:54:51,530,0.0084717757999897,1.0,0.0,0.0
2026-06-20 04:54:56,531,0.1459413319826126,1.0,0.0,0.0
2026-06-20 04:55:01,532,0.4074192941188812,1.0,0.0,0.0
2026-06-20 04:55:05,533,0.005405406001955271,1.0,0.0,0.0
2026-06-20 04:55:10,534,0.24101854860782623,1.0,0.0,0.0
2026-06-20 04:55:14,535,0.04788326472043991,1.0,0.0,0.0
2026-06-20 04:55:19,536,0.03145584091544151,1.0,0.0,0.0
2026-06-20 04:55:24,537,0.13769875466823578,1.0,0.0,0.0
2026-06-20 04:55:28,538,0.08001752197742462,1.0,0.0,0.0
2026-06-20 04:55:33,539,0.007834111340343952,1.0,0.0,0.0
2026-06-20 04:55:38,540,0.09099584072828293,1.0,0.0,0.0
2026-06-20 04:55:42,541,0.07286667823791504,1.0,0.0,0.0
2026-06-20 04:55:47,542,0.17230448126792908,1.0,0.0,0.0
2026-06-20 04:55:52,543,0.5295490026473999,1.0,0.0,0.0
2026-06-20 04:55:56,544,0.16251513361930847,1.0,0.0,0.0
2026-06-20 04:56:01,545,0.2748364806175232,1.0,0.0,0.0
2026-06-20 04:56:05,546,0.022757897153496742,1.0,0.0,0.0
2026-06-20 04:56:10,547,0.21579907834529877,1.0,0.0,0.0
2026-06-20 04:56:15,548,0.15566685795783997,1.0,0.0,0.0
2026-06-20 04:56:19,549,0.03548477962613106,1.0,0.0,0.0
2026-06-20 04:56:24,550,0.16590072214603424,1.0,0.0,0.0
2026-06-20 04:56:29,551,0.09306622296571732,1.0,0.0,0.0
2026-06-20 04:56:33,552,0.030726658180356026,1.0,0.0,0.0
2026-06-20 04:56:38,553,0.2397882491350174,1.0,0.0,0.0
2026-06-20 04:56:42,554,0.02301458641886711,1.0,0.0,0.0
2026-06-20 04:56:47,555,0.07560718804597855,1.0,0.0,0.0
2026-06-20 04:56:52,556,0.00018330516468267888,1.0,0.0,0.0
2026-06-20 04:56:56,557,0.004456967581063509,1.0,0.0,0.0
2026-06-20 04:57:01,558,0.0002647930523380637,1.0,0.0,0.0
2026-06-20 04:57:06,559,0.06384992599487305,1.0,0.0,0.0
2026-06-20 04:57:10,560,0.024375637993216515,1.0,0.0,0.0
2026-06-20 04:57:15,561,0.1750776767730713,1.0,0.0,0.0
2026-06-20 04:57:19,562,0.16864465177059174,1.0,0.0,0.0
2026-06-20 04:57:24,563,0.35950151085853577,1.0,0.0,0.0
2026-06-20 04:57:29,564,0.0019359475700184703,1.0,0.0,0.0
2026-06-20 04:57:33,565,0.8263279795646667,1.0,0.0,0.0
2026-06-20 04:57:38,566,0.007009245455265045,1.0,0.0,0.0
2026-06-20 04:57:43,567,0.22036975622177124,1.0,0.0,0.0
2026-06-20 04:57:47,568,0.07124000042676926,1.0,0.0,0.0
2026-06-20 04:57:52,569,0.06902710348367691,1.0,0.0,0.0
2026-06-20 04:57:56,570,0.15522387623786926,1.0,0.0,0.0
2026-06-20 04:58:01,571,0.05361426621675491,1.0,0.0,0.0
2026-06-20 04:58:06,572,0.004157261922955513,1.0,0.0,0.0
2026-06-20 04:58:10,573,0.24614715576171875,1.0,0.0,0.0
2026-06-20 04:58:15,574,0.08493147790431976,1.0,0.0,0.0
2026-06-20 04:58:20,575,0.001280759577639401,1.0,0.0,0.0
2026-06-20 04:58:25,576,0.20641706883907318,1.0,0.0,0.0
2026-06-20 04:58:29,577,0.07129776477813721,1.0,0.0,0.0
2026-06-20 04:58:34,578,0.03664035722613335,1.0,0.0,0.0
2026-06-20 04:58:39,579,0.017774056643247604,1.0,0.0,0.0
2026-06-20 04:58:43,580,0.0031970865093171597,1.0,0.0,0.0
2026-06-20 04:58:48,581,0.002380471443757415,1.0,0.0,0.0
2026-06-20 04:58:52,582,0.032430242747068405,1.0,0.0,0.0
2026-06-20 04:58:57,583,0.04917459189891815,1.0,0.0,0.0
2026-06-20 04:59:02,584,0.0005492371274158359,1.0,0.0,0.0
2026-06-20 04:59:06,585,0.017899110913276672,1.0,0.0,0.0
2026-06-20 04:59:11,586,0.1001417338848114,1.0,0.0,0.0
2026-06-20 04:59:16,587,0.01830117404460907,1.0,0.0,0.0
2026-06-20 04:59:20,588,0.0048668039962649345,1.0,0.0,0.0
2026-06-20 04:59:25,589,0.2415248155593872,1.0,0.0,0.0
2026-06-20 04:59:29,590,0.3088166117668152,1.0,0.0,0.0
2026-06-20 04:59:34,591,0.010627904906868935,1.0,0.0,0.0
2026-06-20 04:59:39,592,0.0007390894461423159,1.0,0.0,0.0
2026-06-20 04:59:43,593,0.04677598178386688,1.0,0.0,0.0
2026-06-20 04:59:48,594,0.0055649662390351295,1.0,0.0,0.0
2026-06-20 04:59:53,595,0.00011633515532594174,1.0,0.0,0.0
2026-06-20 04:59:57,596,0.07402357459068298,1.0,0.0,0.0
2026-06-20 05:00:02,597,0.10196340829133987,1.0,0.0,0.0
2026-06-20 05:00:07,598,0.00027974718250334263,1.0,0.0,0.0
2026-06-20 05:00:12,599,0.03769462928175926,1.0,0.0,0.0
2026-06-20 05:00:16,600,0.06550056487321854,1.0,0.0,0.0
2026-06-20 05:00:21,601,0.16826282441616058,1.0,0.0,0.0
2026-06-20 05:00:26,602,0.0017651523230597377,1.0,0.0,0.0
2026-06-20 05:00:30,603,0.001828014850616455,1.0,0.0,0.0
2026-06-20 05:00:35,604,0.02111022360622883,1.0,0.0,0.0
2026-06-20 05:00:40,605,0.7936453819274902,1.0,0.0,0.0
2026-06-20 05:00:44,606,0.08303382992744446,1.0,0.0,0.0
2026-06-20 05:00:49,607,0.0013511356664821506,1.0,0.0,0.0
2026-06-20 05:00:53,608,0.0058584026992321014,1.0,0.0,0.0
2026-06-20 05:00:58,609,0.015620540827512741,1.0,0.0,0.0
2026-06-20 05:01:03,610,0.27900421619415283,1.0,0.0,0.0
2026-06-20 05:01:07,611,0.018243111670017242,1.0,0.0,0.0
2026-06-20 05:01:12,612,0.08293170481920242,1.0,0.0,0.0
2026-06-20 05:01:17,613,1.2596065998077393,1.0,0.0,0.0
2026-06-20 05:01:21,614,0.023942574858665466,1.0,0.0,0.0
2026-06-20 05:01:26,615,0.00018282310338690877,1.0,0.0,0.0
2026-06-20 05:01:30,616,1.060172438621521,1.0,0.0,0.0
2026-06-20 05:01:35,617,0.2981407344341278,1.0,0.0,0.0
2026-06-20 05:01:40,618,0.19213426113128662,1.0,0.0,0.0
2026-06-20 05:01:44,619,0.002121623372659087,1.0,0.0,0.0
2026-06-20 05:01:49,620,0.028210066258907318,1.0,0.0,0.0
2026-06-20 05:01:54,621,0.09053678065538406,1.0,0.0,0.0
2026-06-20 05:01:58,622,0.5577687621116638,1.0,0.0,0.0
2026-06-20 05:02:03,623,0.04129428416490555,1.0,0.0,0.0
2026-06-20 05:02:07,624,0.0037783009465783834,1.0,0.0,0.0
2026-06-20 05:02:12,625,0.007458370178937912,1.0,0.0,0.0
2026-06-20 05:02:17,626,0.029166536405682564,1.0,0.0,0.0
2026-06-20 05:02:21,627,0.8653627038002014,1.0,0.0,0.0
2026-06-20 05:02:26,628,0.013101696968078613,1.0,0.0,0.0
2026-06-20 05:02:31,629,0.24553534388542175,1.0,0.0,0.0
2026-06-20 05:02:35,630,0.013850139454007149,1.0,0.0,0.0
2026-06-20 05:02:40,631,2.5624586896810797e-07,1.0,0.0,0.0
2026-06-20 05:02:44,632,0.08841536939144135,1.0,0.0,0.0
2026-06-20 05:02:49,633,0.01121719554066658,1.0,0.0,0.0
2026-06-20 05:02:54,634,0.0185187179595232,1.0,0.0,0.0
2026-06-20 05:02:58,635,0.04081898182630539,1.0,0.0,0.0
2026-06-20 05:03:03,636,0.33674943447113037,1.0,0.0,0.0
2026-06-20 05:03:08,637,0.040360357612371445,1.0,0.0,0.0
2026-06-20 05:03:12,638,0.03780422732234001,1.0,0.0,0.0
2026-06-20 05:03:17,639,0.05989878252148628,1.0,0.0,0.0
2026-06-20 05:03:21,640,0.05883443355560303,1.0,0.0,0.0
2026-06-20 05:03:26,641,0.00031503321952186525,1.0,0.0,0.0
2026-06-20 05:03:31,642,0.005539881065487862,1.0,0.0,0.0
2026-06-20 05:03:35,643,0.05576888471841812,1.0,0.0,0.0
2026-06-20 05:03:40,644,0.18893218040466309,1.0,0.0,0.0
2026-06-20 05:03:45,645,0.00099073420278728,1.0,0.0,0.0
2026-06-20 05:03:49,646,0.0015155215514823794,1.0,0.0,0.0
2026-06-20 05:03:54,647,0.00646195886656642,1.0,0.0,0.0
2026-06-20 05:03:58,648,1.086653173842933e-05,1.0,0.0,0.0
2026-06-20 05:04:03,649,0.055299464613199234,1.0,0.0,0.0
2026-06-20 05:04:08,650,0.05189570412039757,1.0,0.0,0.0
2026-06-20 05:04:12,651,0.0386933907866478,1.0,0.0,0.0
2026-06-20 05:04:17,652,0.01928452029824257,1.0,0.0,0.0
2026-06-20 05:04:22,653,0.24040940403938293,1.0,0.0,0.0
2026-06-20 05:04:26,654,0.7807617783546448,1.0,0.0,0.0
2026-06-20 05:04:31,655,0.013133359141647816,1.0,0.0,0.0
2026-06-20 05:04:35,656,0.5434896945953369,1.0,0.0,0.0
2026-06-20 05:04:40,657,0.003971051424741745,1.0,0.0,0.0
2026-06-20 05:04:45,658,0.006090495735406876,1.0,0.0,0.0
2026-06-20 05:04:49,659,0.40253719687461853,1.0,0.0,0.0
2026-06-20 05:04:54,660,0.0033926800824701786,1.0,0.0,0.0
2026-06-20 05:04:59,661,0.02338377758860588,1.0,0.0,0.0
2026-06-20 05:05:03,662,0.0038720543961972,1.0,0.0,0.0
2026-06-20 05:05:08,663,0.22581017017364502,1.0,0.0,0.0
2026-06-20 05:05:13,664,0.24199390411376953,1.0,0.0,0.0
2026-06-20 05:05:17,665,0.00042576654232107103,1.0,0.0,0.0
2026-06-20 05:05:22,666,0.0762873962521553,1.0,0.0,0.0
2026-06-20 05:05:27,667,0.004225465469062328,1.0,0.0,0.0
2026-06-20 05:05:31,668,0.01742422766983509,1.0,0.0,0.0
2026-06-20 05:05:36,669,0.30987173318862915,1.0,0.0,0.0
2026-06-20 05:05:40,670,0.21170257031917572,1.0,0.0,0.0
2026-06-20 05:05:45,671,0.02238660305738449,1.0,0.0,0.0
2026-06-20 05:05:50,672,0.08488838374614716,1.0,0.0,0.0
2026-06-20 05:05:55,673,0.025806037709116936,1.0,0.0,0.0
2026-06-20 05:05:59,674,0.2141999751329422,1.0,0.0,0.0
2026-06-20 05:06:04,675,0.22581444680690765,1.0,0.0,0.0
2026-06-20 05:06:08,676,0.005756041035056114,1.0,0.0,0.0
2026-06-20 05:06:13,677,0.018743783235549927,1.0,0.0,0.0
2026-06-20 05:06:18,678,0.01714622974395752,1.0,0.0,0.0
2026-06-20 05:06:22,679,0.0039270552806556225,1.0,0.0,0.0
2026-06-20 05:06:27,680,0.10029487311840057,1.0,0.0,0.0
2026-06-20 05:06:32,681,0.02399643324315548,1.0,0.0,0.0
2026-06-20 05:06:36,682,0.016010310500860214,1.0,0.0,0.0
2026-06-20 05:06:41,683,0.03487545996904373,1.0,0.0,0.0
2026-06-20 05:06:46,684,0.05809631198644638,1.0,0.0,0.0
2026-06-20 05:06:50,685,4.61833224107977e-06,1.0,0.0,0.0
2026-06-20 05:06:55,686,0.0027926822658628225,1.0,0.0,0.0
2026-06-20 05:06:59,687,0.0028890250250697136,1.0,0.0,0.0
2026-06-20 05:07:04,688,0.00022447573428507894,1.0,0.0,0.0
2026-06-20 05:07:09,689,0.00944660697132349,1.0,0.0,0.0
2026-06-20 05:07:13,690,0.9188122153282166,1.0,0.0,0.0
2026-06-20 05:07:18,691,0.00010525630204938352,1.0,0.0,0.0
2026-06-20 05:07:23,692,0.003724249079823494,1.0,0.0,0.0
2026-06-20 05:07:27,693,0.00239133695140481,1.0,0.0,0.0
2026-06-20 05:07:32,694,0.26961708068847656,1.0,0.0,0.0
2026-06-20 05:07:37,695,0.029611919075250626,1.0,0.0,0.0
2026-06-20 05:07:41,696,0.0005060579278506339,1.0,0.0,0.0
2026-06-20 05:07:46,697,0.14016541838645935,1.0,0.0,0.0
2026-06-20 05:07:50,698,0.4076770544052124,1.0,0.0,0.0
2026-06-20 05:07:55,699,0.002038430655375123,1.0,0.0,0.0
2026-06-20 05:08:00,700,0.03546474128961563,1.0,0.0,0.0
2026-06-20 05:08:04,701,0.09034758061170578,1.0,0.0,0.0
2026-06-20 05:08:09,702,8.613664977019653e-05,1.0,0.0,0.0
2026-06-20 05:08:14,703,0.028312472626566887,1.0,0.0,0.0
2026-06-20 05:08:18,704,0.7979850172996521,1.0,0.0,0.0
2026-06-20 05:08:23,705,0.1921587437391281,1.0,0.0,0.0
2026-06-20 05:08:27,706,0.011140326038002968,1.0,0.0,0.0
2026-06-20 05:08:32,707,0.018228771165013313,1.0,0.0,0.0
2026-06-20 05:08:37,708,0.02554686926305294,1.0,0.0,0.0
2026-06-20 05:08:41,709,0.4225250780582428,1.0,0.0,0.0
2026-06-20 05:08:46,710,0.017483483999967575,1.0,0.0,0.0
2026-06-20 05:08:51,711,0.023014947772026062,1.0,0.0,0.0
2026-06-20 05:08:55,712,0.09386613219976425,1.0,0.0,0.0
2026-06-20 05:09:00,713,0.00030294788302853703,1.0,0.0,0.0
2026-06-20 05:09:05,714,0.12520961463451385,1.0,0.0,0.0
2026-06-20 05:09:09,715,0.038078423589468,1.0,0.0,0.0
2026-06-20 05:09:14,716,0.006962147541344166,1.0,0.0,0.0
2026-06-20 05:09:18,717,0.32769373059272766,1.0,0.0,0.0
2026-06-20 05:09:23,718,0.1226695105433464,1.0,0.0,0.0
2026-06-20 05:09:28,719,0.169348806142807,1.0,0.0,0.0
2026-06-20 05:09:32,720,0.01338550541549921,1.0,0.0,0.0
2026-06-20 05:09:37,721,0.009590874426066875,1.0,0.0,0.0
2026-06-20 05:09:42,722,0.08715985715389252,1.0,0.0,0.0
2026-06-20 05:09:46,723,0.1378931999206543,1.0,0.0,0.0
2026-06-20 05:09:51,724,0.30505263805389404,1.0,0.0,0.0
2026-06-20 05:09:55,725,0.034850552678108215,1.0,0.0,0.0
2026-06-20 05:10:00,726,0.1294034719467163,1.0,0.0,0.0
2026-06-20 05:10:05,727,0.13470740616321564,1.0,0.0,0.0
2026-06-20 05:10:09,728,0.10157889127731323,1.0,0.0,0.0
2026-06-20 05:10:14,729,0.09130658954381943,1.0,0.0,0.0
2026-06-20 05:10:19,730,0.9073920249938965,1.0,0.0,0.0
2026-06-20 05:10:23,731,0.1561259627342224,1.0,0.0,0.0
2026-06-20 05:10:28,732,0.8994897603988647,1.0,0.0,0.0
2026-06-20 05:10:32,733,0.00533044571056962,1.0,0.0,0.0
2026-06-20 05:10:37,734,0.49297258257865906,1.0,0.0,0.0
2026-06-20 05:10:42,735,0.00013100646901875734,1.0,0.0,0.0
2026-06-20 05:10:46,736,0.008662709966301918,1.0,0.0,0.0
2026-06-20 05:10:51,737,0.06911785155534744,1.0,0.0,0.0
2026-06-20 05:10:56,738,0.00060224998742342,1.0,0.0,0.0
2026-06-20 05:11:00,739,0.03563472628593445,1.0,0.0,0.0
2026-06-20 05:11:05,740,0.35583382844924927,1.0,0.0,0.0
2026-06-20 05:11:10,741,0.02332295849919319,1.0,0.0,0.0
2026-06-20 05:11:14,742,0.24428370594978333,1.0,0.0,0.0
2026-06-20 05:11:19,743,0.23807920515537262,1.0,0.0,0.0
2026-06-20 05:11:23,744,0.6983113884925842,1.0,0.0,0.0
2026-06-20 05:11:28,745,0.1040973961353302,1.0,0.0,0.0
2026-06-20 05:11:33,746,0.010973060503602028,1.0,0.0,0.0
2026-06-20 05:11:37,747,0.000582598615437746,1.0,0.0,0.0
2026-06-20 05:11:42,748,0.0021762552205473185,1.0,0.0,0.0
2026-06-20 05:11:47,749,0.2612159550189972,1.0,0.0,0.0
2026-06-20 05:11:51,750,0.0054584043100476265,1.0,0.0,0.0
2026-06-20 05:11:56,751,0.11056476086378098,1.0,0.0,0.0
2026-06-20 05:12:01,752,0.04926547780632973,1.0,0.0,0.0
2026-06-20 05:12:06,753,0.05560257285833359,1.0,0.0,0.0
2026-06-20 05:12:10,754,0.02863776870071888,1.0,0.0,0.0
2026-06-20 05:12:15,755,0.3229021728038788,1.0,0.0,0.0
2026-06-20 05:12:19,756,0.06156333163380623,1.0,0.0,0.0
2026-06-20 05:12:24,757,0.12163566052913666,1.0,0.0,0.0
2026-06-20 05:12:29,758,0.11884655058383942,1.0,0.0,0.0
2026-06-20 05:12:33,759,0.0017037130892276764,1.0,0.0,0.0
2026-06-20 05:12:38,760,0.012384423986077309,1.0,0.0,0.0
2026-06-20 05:12:42,761,0.01670529879629612,1.0,0.0,0.0
2026-06-20 05:12:47,762,0.22922632098197937,1.0,0.0,0.0
2026-06-20 05:12:52,763,0.07633090764284134,1.0,0.0,0.0
2026-06-20 05:12:56,764,0.11426565796136856,1.0,0.0,0.0
2026-06-20 05:13:01,765,0.08600648492574692,1.0,0.0,0.0
2026-06-20 05:13:06,766,0.031308598816394806,1.0,0.0,0.0
2026-06-20 05:13:10,767,0.017983734607696533,1.0,0.0,0.0
2026-06-20 05:13:15,768,0.0030938852578401566,1.0,0.0,0.0
2026-06-20 05:13:19,769,0.008071305230259895,1.0,0.0,0.0
2026-06-20 05:13:25,770,0.33057576417922974,1.0,0.0,0.0
2026-06-20 05:13:29,771,0.34838220477104187,1.0,0.0,0.0
2026-06-20 05:13:34,772,0.1569557785987854,1.0,0.0,0.0
2026-06-20 05:13:38,773,0.016686944290995598,1.0,0.0,0.0
2026-06-20 05:13:43,774,0.07575932145118713,1.0,0.0,0.0
2026-06-20 05:13:48,775,0.08513956516981125,1.0,0.0,0.0
2026-06-20 05:13:52,776,0.154358372092247,1.0,0.0,0.0
2026-06-20 05:13:57,777,0.06491782516241074,1.0,0.0,0.0
2026-06-20 05:14:02,778,0.5103328824043274,1.0,0.0,0.0
2026-06-20 05:14:06,779,0.03420925512909889,1.0,0.0,0.0
2026-06-20 05:14:11,780,0.8018292188644409,1.0,0.0,0.0
2026-06-20 05:14:16,781,0.11559637635946274,1.0,0.0,0.0
2026-06-20 05:14:20,782,0.005663497839123011,1.0,0.0,0.0
2026-06-20 05:14:25,783,0.733813464641571,1.0,0.0,0.0
2026-06-20 05:14:29,784,0.014850476756691933,1.0,0.0,0.0
2026-06-20 05:14:34,785,0.04225096106529236,1.0,0.0,0.0
2026-06-20 05:14:39,786,0.023510916158556938,1.0,0.0,0.0
2026-06-20 05:14:43,787,0.06963185966014862,1.0,0.0,0.0
2026-06-20 05:14:48,788,0.35549017786979675,1.0,0.0,0.0
2026-06-20 05:14:52,789,0.01427379809319973,1.0,0.0,0.0
2026-06-20 05:14:57,790,0.18590684235095978,1.0,0.0,0.0
2026-06-20 05:15:02,791,0.015312911942601204,1.0,0.0,0.0
2026-06-20 05:15:06,792,0.01835947483778,1.0,0.0,0.0
2026-06-20 05:15:11,793,0.02489337883889675,1.0,0.0,0.0
2026-06-20 05:15:16,794,0.4820651412010193,1.0,0.0,0.0
2026-06-20 05:15:20,795,0.9593333601951599,1.0,0.0,0.0
2026-06-20 05:15:25,796,0.05777402222156525,1.0,0.0,0.0
2026-06-20 05:15:29,797,0.09281805902719498,1.0,0.0,0.0
2026-06-20 05:15:34,798,0.037603702396154404,1.0,0.0,0.0
2026-06-20 05:15:39,799,0.47332507371902466,1.0,0.0,0.0
2026-06-20 05:15:43,800,0.22084833681583405,1.0,0.0,0.0
2026-06-20 05:15:48,801,0.1672050505876541,1.0,0.0,0.0
2026-06-20 05:15:53,802,0.013103945180773735,1.0,0.0,0.0
2026-06-20 05:15:57,803,0.045918360352516174,1.0,0.0,0.0
2026-06-20 05:16:02,804,0.04710320010781288,1.0,0.0,0.0
2026-06-20 05:16:07,805,0.13270850479602814,1.0,0.0,0.0
2026-06-20 05:16:11,806,0.032543547451496124,1.0,0.0,0.0
2026-06-20 05:16:16,807,0.28068727254867554,1.0,0.0,0.0
2026-06-20 05:16:21,808,8.5777799540665e-05,1.0,0.0,0.0
2026-06-20 05:16:25,809,0.46440914273262024,1.0,0.0,0.0
2026-06-20 05:16:30,810,5.209645314607769e-05,1.0,0.0,0.0
2026-06-20 05:16:34,811,0.16352112591266632,1.0,0.0,0.0
2026-06-20 05:16:39,812,0.14450277388095856,1.0,0.0,0.0
2026-06-20 05:16:44,813,0.055922817438840866,1.0,0.0,0.0
2026-06-20 05:16:48,814,0.11821750551462173,1.0,0.0,0.0
2026-06-20 05:16:53,815,0.44470643997192383,1.0,0.0,0.0
2026-06-20 05:16:58,816,0.023806210607290268,1.0,0.0,0.0
2026-06-20 05:17:02,817,0.5174316167831421,1.0,0.0,0.0
2026-06-20 05:17:07,818,0.38286855816841125,1.0,0.0,0.0
2026-06-20 05:17:12,819,0.003642493160441518,1.0,0.0,0.0
2026-06-20 05:17:16,820,0.002443470526486635,1.0,0.0,0.0
2026-06-20 05:17:21,821,0.012760885059833527,1.0,0.0,0.0
2026-06-20 05:17:25,822,0.04060472175478935,1.0,0.0,0.0
2026-06-20 05:17:30,823,0.0007706166943535209,1.0,0.0,0.0
2026-06-20 05:17:35,824,0.007295122370123863,1.0,0.0,0.0
2026-06-20 05:17:39,825,0.01716889813542366,1.0,0.0,0.0
2026-06-20 05:17:44,826,0.08044327795505524,1.0,0.0,0.0
2026-06-20 05:17:48,827,0.02976243942975998,1.0,0.0,0.0
2026-06-20 05:17:53,828,0.20178404450416565,1.0,0.0,0.0
2026-06-20 05:17:58,829,0.00641716318204999,1.0,0.0,0.0
2026-06-20 05:18:02,830,1.836703813751228e-05,1.0,0.0,0.0
2026-06-20 05:18:07,831,0.41087478399276733,1.0,0.0,0.0
2026-06-20 05:18:12,832,0.048250842839479446,1.0,0.0,0.0
2026-06-20 05:18:16,833,0.06134481728076935,1.0,0.0,0.0
2026-06-20 05:18:21,834,0.004950872156769037,1.0,0.0,0.0
2026-06-20 05:18:26,835,0.00876189861446619,1.0,0.0,0.0
2026-06-20 05:18:30,836,0.3227773904800415,1.0,0.0,0.0
2026-06-20 05:18:35,837,0.24433356523513794,1.0,0.0,0.0
2026-06-20 05:18:40,838,0.0006120371399447322,1.0,0.0,0.0
2026-06-20 05:18:44,839,0.20036780834197998,1.0,0.0,0.0
2026-06-20 05:18:49,840,0.00010591409227345139,1.0,0.0,0.0
2026-06-20 05:18:53,841,0.3520084023475647,1.0,0.0,0.0
2026-06-20 05:18:58,842,0.06484565138816833,1.0,0.0,0.0
2026-06-20 05:19:03,843,0.0035139964893460274,1.0,0.0,0.0
2026-06-20 05:19:07,844,0.018048837780952454,1.0,0.0,0.0
2026-06-20 05:19:12,845,0.044775381684303284,1.0,0.0,0.0
2026-06-20 05:19:16,846,0.035682130604982376,1.0,0.0,0.0
2026-06-20 05:19:21,847,0.056056033819913864,1.0,0.0,0.0
2026-06-20 05:19:26,848,0.04025031253695488,1.0,0.0,0.0
2026-06-20 05:19:30,849,0.39768069982528687,1.0,0.0,0.0
2026-06-20 05:19:35,850,0.7891451716423035,1.0,0.0,0.0
2026-06-20 05:19:40,851,0.0868365690112114,1.0,0.0,0.0
2026-06-20 05:19:44,852,0.01930040493607521,1.0,0.0,0.0
2026-06-20 05:19:49,853,0.020852001383900642,1.0,0.0,0.0
2026-06-20 05:19:53,854,0.01067937072366476,1.0,0.0,0.0
2026-06-20 05:19:58,855,0.16384199261665344,1.0,0.0,0.0
2026-06-20 05:20:03,856,0.21206964552402496,1.0,0.0,0.0
2026-06-20 05:20:07,857,0.007708076387643814,1.0,0.0,0.0
2026-06-20 05:20:12,858,0.015521649271249771,1.0,0.0,0.0
2026-06-20 05:20:17,859,0.09279365092515945,1.0,0.0,0.0
2026-06-20 05:20:21,860,0.05580097436904907,1.0,0.0,0.0
2026-06-20 05:20:26,861,0.09425162523984909,1.0,0.0,0.0
2026-06-20 05:20:31,862,0.5638395547866821,1.0,0.0,0.0
2026-06-20 05:20:35,863,0.8078073859214783,1.0,0.0,0.0
2026-06-20 05:20:40,864,0.002101687714457512,1.0,0.0,0.0
2026-06-20 05:20:44,865,0.08478754013776779,1.0,0.0,0.0
2026-06-20 05:20:49,866,0.37169137597084045,1.0,0.0,0.0
2026-06-20 05:20:54,867,0.029565485194325447,1.0,0.0,0.0
2026-06-20 05:20:58,868,0.0031817888375371695,1.0,0.0,0.0
2026-06-20 05:21:03,869,0.7398257851600647,1.0,0.0,0.0
2026-06-20 05:21:07,870,0.11082912981510162,1.0,0.0,0.0
2026-06-20 05:21:12,871,0.0037537827156484127,1.0,0.0,0.0
2026-06-20 05:21:17,872,0.16801919043064117,1.0,0.0,0.0
2026-06-20 05:21:21,873,0.013674351386725903,1.0,0.0,0.0
2026-06-20 05:21:26,874,0.13501231372356415,1.0,0.0,0.0
2026-06-20 05:21:31,875,0.023908384144306183,1.0,0.0,0.0
2026-06-20 05:21:35,876,0.021077552810311317,1.0,0.0,0.0
2026-06-20 05:21:40,877,0.7675976753234863,1.0,0.0,0.0
2026-06-20 05:21:45,878,0.06583037227392197,1.0,0.0,0.0
2026-06-20 05:21:49,879,0.274726003408432,1.0,0.0,0.0
2026-06-20 05:21:54,880,0.04835302755236626,1.0,0.0,0.0
2026-06-20 05:21:58,881,0.5471381545066833,1.0,0.0,0.0
2026-06-20 05:22:03,882,0.0017857985803857446,1.0,0.0,0.0
2026-06-20 05:22:08,883,0.3149241805076599,1.0,0.0,0.0
2026-06-20 05:22:12,884,0.007874407805502415,1.0,0.0,0.0
2026-06-20 05:22:17,885,0.06818967312574387,1.0,0.0,0.0
2026-06-20 05:22:21,886,0.0038561788387596607,1.0,0.0,0.0
2026-06-20 05:22:26,887,0.037436604499816895,1.0,0.0,0.0
2026-06-20 05:22:31,888,0.02275419421494007,1.0,0.0,0.0
2026-06-20 05:22:35,889,0.0001266092003788799,1.0,0.0,0.0
2026-06-20 05:22:40,890,0.0007479182095266879,1.0,0.0,0.0
2026-06-20 05:22:45,891,0.043087903410196304,1.0,0.0,0.0
2026-06-20 05:22:49,892,0.11611613631248474,1.0,0.0,0.0
2026-06-20 05:22:54,893,0.008850076235830784,1.0,0.0,0.0
2026-06-20 05:22:58,894,0.00013731216313317418,1.0,0.0,0.0
2026-06-20 05:23:03,895,0.020945889875292778,1.0,0.0,0.0
2026-06-20 05:23:08,896,0.11419513076543808,1.0,0.0,0.0
2026-06-20 05:23:12,897,0.08646668493747711,1.0,0.0,0.0
2026-06-20 05:23:17,898,0.010203245095908642,1.0,0.0,0.0
2026-06-20 05:23:22,899,0.009236404672265053,1.0,0.0,0.0
2026-06-20 05:23:26,900,0.13032113015651703,1.0,0.0,0.0
2026-06-20 05:23:31,901,0.010386834852397442,1.0,0.0,0.0
2026-06-20 05:23:36,902,0.0035111219622194767,1.0,0.0,0.0
2026-06-20 05:23:40,903,0.10202787071466446,1.0,0.0,0.0
2026-06-20 05:23:45,904,0.3054765462875366,1.0,0.0,0.0
2026-06-20 05:23:49,905,0.03894740343093872,1.0,0.0,0.0
2026-06-20 05:23:54,906,0.0600045807659626,1.0,0.0,0.0
2026-06-20 05:23:59,907,0.11548405140638351,1.0,0.0,0.0
2026-06-20 05:24:03,908,0.005197640508413315,1.0,0.0,0.0
2026-06-20 05:24:08,909,0.24608542025089264,1.0,0.0,0.0
2026-06-20 05:24:13,910,6.699689402012154e-05,1.0,0.0,0.0
2026-06-20 05:24:17,911,0.0007473563891835511,1.0,0.0,0.0
2026-06-20 05:24:22,912,0.1761385053396225,1.0,0.0,0.0
2026-06-20 05:24:26,913,0.0327945314347744,1.0,0.0,0.0
2026-06-20 05:24:31,914,0.03627322241663933,1.0,0.0,0.0
2026-06-20 05:24:36,915,0.005708310753107071,1.0,0.0,0.0
2026-06-20 05:24:40,916,0.03919512405991554,1.0,0.0,0.0
2026-06-20 05:24:45,917,0.11107511818408966,1.0,0.0,0.0
2026-06-20 05:24:50,918,0.003999654669314623,1.0,0.0,0.0
2026-06-20 05:24:54,919,0.016271011903882027,1.0,0.0,0.0
2026-06-20 05:24:59,920,0.016377514228224754,1.0,0.0,0.0
2026-06-20 05:25:03,921,0.09338978677988052,1.0,0.0,0.0
2026-06-20 05:25:08,922,0.06452056020498276,1.0,0.0,0.0
2026-06-20 05:25:13,923,0.36282292008399963,1.0,0.0,0.0
2026-06-20 05:25:17,924,0.1261407434940338,1.0,0.0,0.0
2026-06-20 05:25:22,925,0.1067611500620842,1.0,0.0,0.0
2026-06-20 05:25:27,926,0.7671720385551453,1.0,0.0,0.0
2026-06-20 05:25:31,927,0.07279325276613235,1.0,0.0,0.0
2026-06-20 05:25:36,928,0.12341692298650742,1.0,0.0,0.0
2026-06-20 05:25:41,929,0.13086384534835815,1.0,0.0,0.0
2026-06-20 05:25:45,930,0.1527845561504364,1.0,0.0,0.0
2026-06-20 05:25:50,931,0.15820322930812836,1.0,0.0,0.0
2026-06-20 05:25:55,932,0.20069007575511932,1.0,0.0,0.0
2026-06-20 05:25:59,933,0.11801542341709137,1.0,0.0,0.0
2026-06-20 05:26:04,934,0.022272471338510513,1.0,0.0,0.0
2026-06-20 05:26:08,935,0.0030318463686853647,1.0,0.0,0.0
2026-06-20 05:26:13,936,0.6932706236839294,1.0,0.0,0.0
2026-06-20 05:26:18,937,0.09036440402269363,1.0,0.0,0.0
2026-06-20 05:26:22,938,0.02847283147275448,1.0,0.0,0.0
2026-06-20 05:26:27,939,0.10274570435285568,1.0,0.0,0.0
2026-06-20 05:26:32,940,0.06657622009515762,1.0,0.0,0.0
2026-06-20 05:26:36,941,0.09817000478506088,1.0,0.0,0.0
2026-06-20 05:26:41,942,0.008107520639896393,1.0,0.0,0.0
2026-06-20 05:26:45,943,0.0073732854798436165,1.0,0.0,0.0
2026-06-20 05:26:50,944,0.09241144359111786,1.0,0.0,0.0
2026-06-20 05:26:55,945,0.07636834681034088,1.0,0.0,0.0
2026-06-20 05:26:59,946,0.016677217558026314,1.0,0.0,0.0
2026-06-20 05:27:04,947,0.08654511719942093,1.0,0.0,0.0
2026-06-20 05:27:09,948,0.019580790773034096,1.0,0.0,0.0
2026-06-20 05:27:13,949,0.11267394572496414,1.0,0.0,0.0
2026-06-20 05:27:18,950,0.0061711096204817295,1.0,0.0,0.0
2026-06-20 05:27:23,951,0.05754708871245384,1.0,0.0,0.0
2026-06-20 05:27:27,952,0.009438356384634972,1.0,0.0,0.0
2026-06-20 05:27:32,953,0.018477071076631546,1.0,0.0,0.0
2026-06-20 05:27:37,954,0.0519137904047966,1.0,0.0,0.0
2026-06-20 05:27:41,955,0.008383327163755894,1.0,0.0,0.0
2026-06-20 05:27:46,956,0.14007100462913513,1.0,0.0,0.0
2026-06-20 05:27:50,957,0.020089706405997276,1.0,0.0,0.0
2026-06-20 05:27:55,958,0.003244393039494753,1.0,0.0,0.0
2026-06-20 05:28:00,959,0.3309797942638397,1.0,0.0,0.0
2026-06-20 05:28:04,960,0.088853619992733,1.0,0.0,0.0
2026-06-20 05:28:09,961,0.0002693059796001762,1.0,0.0,0.0
2026-06-20 05:28:14,962,0.011714973486959934,1.0,0.0,0.0
2026-06-20 05:28:18,963,0.6112191081047058,1.0,0.0,0.0
2026-06-20 05:28:23,964,0.04906577244400978,1.0,0.0,0.0
2026-06-20 05:28:28,965,0.027281831949949265,1.0,0.0,0.0
2026-06-20 05:28:33,966,0.13481475412845612,1.0,0.0,0.0
2026-06-20 05:28:37,967,0.08052583038806915,1.0,0.0,0.0
2026-06-20 05:28:42,968,0.10376827418804169,1.0,0.0,0.0
2026-06-20 05:28:46,969,0.04242870211601257,1.0,0.0,0.0
2026-06-20 05:28:51,970,0.01501935999840498,1.0,0.0,0.0
2026-06-20 05:28:56,971,0.03799403831362724,1.0,0.0,0.0
2026-06-20 05:29:00,972,0.25549694895744324,1.0,0.0,0.0
2026-06-20 05:29:05,973,0.0003402636502869427,1.0,0.0,0.0
2026-06-20 05:29:10,974,0.012404325418174267,1.0,0.0,0.0
2026-06-20 05:29:14,975,0.07600046694278717,1.0,0.0,0.0
2026-06-20 05:29:19,976,0.03113085776567459,1.0,0.0,0.0
2026-06-20 05:29:23,977,0.021284526214003563,1.0,0.0,0.0
2026-06-20 05:29:28,978,0.07291746884584427,1.0,0.0,0.0
2026-06-20 05:29:33,979,0.14684496819972992,1.0,0.0,0.0
2026-06-20 05:29:37,980,0.4972863793373108,1.0,0.0,0.0
2026-06-20 05:29:42,981,0.39306536316871643,1.0,0.0,0.0
2026-06-20 05:29:47,982,0.00013472535647451878,1.0,0.0,0.0
2026-06-20 05:29:51,983,0.000788856006693095,1.0,0.0,0.0
2026-06-20 05:29:56,984,0.0019481255440041423,1.0,0.0,0.0
2026-06-20 05:30:01,985,0.004011533688753843,1.0,0.0,0.0
2026-06-20 05:30:05,986,0.2152625024318695,1.0,0.0,0.0
2026-06-20 05:30:10,987,0.05593409389257431,1.0,0.0,0.0
2026-06-20 05:30:14,988,0.1844789683818817,1.0,0.0,0.0
2026-06-20 05:30:19,989,0.16290903091430664,1.0,0.0,0.0
2026-06-20 05:30:24,990,0.059710871428251266,1.0,0.0,0.0
2026-06-20 05:30:28,991,0.00019919511396437883,1.0,0.0,0.0
2026-06-20 05:30:33,992,1.1404563188552856,1.0,0.0,0.0
2026-06-20 05:30:38,993,9.441579459235072e-05,1.0,0.0,0.0
2026-06-20 05:30:42,994,0.015058728866279125,1.0,0.0,0.0
2026-06-20 05:30:47,995,0.0198212880641222,1.0,0.0,0.0
2026-06-20 05:30:51,996,0.12475677579641342,1.0,0.0,0.0
2026-06-20 05:30:56,997,0.48325642943382263,1.0,0.0,0.0
2026-06-20 05:31:01,998,0.00041867661639116704,1.0,0.0,0.0
2026-06-20 05:31:05,999,0.014343044720590115,1.0,0.0,0.0
2026-06-20 05:31:10,1000,0.049977857619524,1.0,0.0,0.0
